{"cameraMode":{"drawMode":0,"name":"Shaded","section":"Shading Mode"},"sceneLighting":true,"audioPlay":false,"sceneViewState":{"showFog":true,"showMaterialUpdate":false,"showSkybox":true,"showFlares":true,"showImageEffects":true,"showParticleSystems":true},"in2DMode":false,"pivot":{"x":-3.01885986328125,"y":1.060546875,"z":9.169921875},"rotation":{"x":0.5678637623786926,"y":-0.003706378163769841,"z":0.0025530222337692978,"w":0.8231406211853027},"size":15.50599193572998,"orthographic":true}