{"cameraMode":{"drawMode":0,"name":"Shaded","section":"Shading Mode"},"sceneLighting":true,"audioPlay":false,"sceneViewState":{"showFog":true,"showMaterialUpdate":false,"showSkybox":true,"showFlares":true,"showImageEffects":true,"showParticleSystems":true},"in2DMode":false,"pivot":{"x":-0.09106157720088959,"y":2.4290318489074709,"z":0.7091064453125},"rotation":{"x":0.27088305354118349,"y":-0.23938818275928498,"z":0.06974522024393082,"w":0.929758608341217},"size":2.3895151615142824,"orthographic":true}