{"cameraMode":{"drawMode":0,"name":"Shaded","section":"Shading Mode"},"sceneLighting":true,"audioPlay":false,"sceneViewState":{"showFog":true,"showMaterialUpdate":false,"showSkybox":true,"showFlares":true,"showImageEffects":true,"showParticleSystems":true},"in2DMode":false,"pivot":{"x":-2.6233315467834474,"y":3.168365478515625,"z":-3.255462646484375},"rotation":{"x":0.1606837660074234,"y":0.01332414522767067,"z":-0.0021693906746804716,"w":0.9869152307510376},"size":12.723360061645508,"orthographic":true}