{"cameraMode":{"drawMode":0,"name":"Shaded","section":"Shading Mode"},"sceneLighting":true,"audioPlay":false,"sceneViewState":{"showFog":true,"showMaterialUpdate":false,"showSkybox":true,"showFlares":true,"showImageEffects":true,"showParticleSystems":true},"in2DMode":false,"pivot":{"x":-0.9560258388519287,"y":2.0693359375,"z":11.471492767333985},"rotation":{"x":0.28211265802383425,"y":-0.09335310012102127,"z":0.027592796832323076,"w":0.9544331431388855},"size":11.417364120483399,"orthographic":true}